 ID_REGIAO ; DISTRITO ; População total ; População preta e parda ; População feminina ; População Infantil ; População jovem ; População em situação de rua ; Favelas ; Habitações  de Interesse Social (HIS)  Licenciadas ; Habitações  de Interesse  Social (HIS) produzidas  por SEHAB ; Habitações  de Interesse  Social (HIS)  Licenciadas (até 3 salários mínimos) ; Habitações  de Interesse  Social (HIS)  Licenciadas (entre 3 a 6 salários mínimos) ; Ocorrências de trânsito ; Mortes no trânsito  ; Tempo médio de  deslocamento por transporte público ; Velocidade média ônibus (km/h) ; Acesso a transporte de massa ; Acesso a infraestrutura cicloviária ; Acesso internet - Mapeamento das antenas (População distrito) ; Acesso internet - Mapeamento das antenas (área/km²) ; Oferta de emprego formal ; Remuneração média mensal do emprego formal ; Micro Empreendedores Individuais  (MEIs) ; Desigualdade salarial  (emprego  formal) ; Gravidez na adolescência ; Idade média ao morrer  ; Mortalidade materna ; Mortalidade infantil ; Tempo médio para consultas na Atenção Básica ; Mortalidade por Covid-19 ; Tempo de atendimento para vaga em creche  ; Matrículas no Ensino Básico em escolas públicas ; Distorção Idade-Série no Ensino Fundamental da rede municipal ; Abandono escolar no Ensino Fundamental da rede municipal ; Ideb  (Escolas  públicas -  anos iniciais) ; Ideb  (Escolas  públicas -  anos finais) ; Adequação  da formação docente ; Esforço  docente ; Centros culturais, casas e espaços de cultura  ; Equipamentos públicos de cultura ; Cinemas ; Espaços culturais independentes ; Equipamentos públicos de esporte ; Quadras esportivas nas escolas públicas ; Violência racial ; Violência contra a mulher ; Violência LGBTQIAP+ ; Deslocamentos médio para  denúncias de  violência  contra mulher ; Feminicídio ; Mortes por intervenção policial ; Homicídios ; Homicídios de jovens ; Agressões por intervenção policial ; Emissão de poluentes  atmosféricos por área  (kg/km²/dia) 
 277.00 ; Grajaú ; 392.73 ; 56.80 ; 51.40 ; 10.90 ; 47.30 ; 157.00 ; 13.50 ; 3,830.00 ; 3,830.00 ; -   ; -   ; 4.70 ; 3.80 ; 64.00 ; 14.90 ; 3.00 ; 2.30 ; 1.50 ; 0.70 ; 0.50 ; 2,260.00 ; 2.77 ; 0.80 ; 10.70 ; 60.40 ; 64.40 ; 12.30 ; 12.00 ; 24.80 ; 6.00 ; 93.60 ; 8,05 ; 0,01 ; 5.80 ; 5.20 ; 4,1 ; 5,0 ; 0.05 ; 1.80 ; 0.03 ; 0.50 ; 0.30 ; 40,7 ; 0.28 ; 215.60 ; 1.80 ; 14.60 ; 1.20 ; 1.60 ; 7.60 ; 13.00 ; 1.10 ; 0.06 
 352.00 ; Jardim Ângela ; 341.88 ; 60.10 ; 51.40 ; 10.80 ; 47.80 ; 25.00 ; 19.40 ; 2,150.00 ; 2,135.00 ; -   ; 100.00 ; 4.20 ; 4.70 ; 62.00 ; 15.30 ; -   ; -   ; 1.40 ; 1.30 ; 0.50 ; 2,151.50 ; 2.47 ; 0.89 ; 12.10 ; 59.80 ; 66.30 ; 11.00 ; 6.00 ; 22.50 ; 7.00 ; 99.90 ; 7,82 ; 0,03 ; 5.40 ; 5.10 ; 6,4 ; 7,5 ; 0.03 ; 1.80 ; 0.03 ; -   ; 0.20 ; 45,1 ; 0.56 ; 194.90 ; 1.20 ; 9.80 ; 1.40 ; 0.40 ; 9.10 ; 15.10 ; 0.50 ; 0.17 
 258.00 ; Capão Redondo ; 298.61 ; 53.90 ; 52.20 ; 10.40 ; 44.90 ; 152.00 ; 21.10 ; 5,942.00 ; 3,625.00 ; 13.00 ; 50.60 ; 6.50 ; 6.70 ; 59.00 ; 13.90 ; 10.20 ; 11.40 ; 1.90 ; 4.10 ; 0.50 ; 1,868.70 ; 2.31 ; 0.78 ; 9.80 ; 62.80 ; 126.40 ; 9.80 ; 7.00 ; 26.60 ; 16.00 ; 97.90 ; 9,25 ; 0,12 ; 5.70 ; 5.20 ; 6,9 ; 6,4 ; 0.03 ; 1.30 ; 0.03 ; -   ; 0.20 ; 54,7 ; 2.01 ; 237.40 ; 5.40 ; 7.10 ; 0.50 ; 1.80 ; 10.40 ; 23.80 ; 0.30 ; 0.37 
 253.00 ; Cidade Ademar ; 287.16 ; 50.00 ; 52.40 ; 10.10 ; 43.00 ; 154.00 ; 16.20 ; 1,047.00 ; 262.00 ; 14.00 ; 73.80 ; 5.60 ; 5.60 ; 44.00 ; 15.20 ; -   ; 1.10 ; 2.30 ; 5.30 ; 1.10 ; 3,024.40 ; 2.24 ; 0.75 ; 10.50 ; 65.40 ; 50.20 ; 10.70 ; 24.00 ; 25.60 ; 15.00 ; 94.80 ; 9,88 ; 0,02 ; 5.90 ; não aplicável ; 5,4 ; 5,2 ; -   ; -   ; -   ; 0.30 ; 0.10 ; 42,9 ; 0.84 ; 214.50 ; 1.40 ; 10.50 ; 0.90 ; 1.80 ; 7.30 ; 15.30 ; 0.10 ; 0.39 
 272.00 ; Sacomã ; 264.69 ; 32.00 ; 52.30 ; 8.40 ; 38.60 ; 50.00 ; 23.70 ; 8,505.00 ; 5,869.00 ; 41.80 ; 40.30 ; 3.40 ; 2.70 ; 45.00 ; 14.60 ; 2.40 ; 23.60 ; 2.70 ; 5.00 ; 1.50 ; 3,408.30 ; 2.18 ; 0.93 ; 7.80 ; 67.90 ; 77.60 ; 12.10 ; 31.00 ; 24.70 ; 6.00 ; 97.40 ; 9,16 ; 0,02 ; 6.10 ; 5.40 ; 6,8 ; 3,5 ; -   ; 1.90 ; 0.04 ; -   ; 0.50 ; 55,3 ; 0.72 ; 209.70 ; 1.90 ; 10.60 ; 0.40 ; 2.50 ; 9.40 ; 24.90 ; 0.30 ; 0.16 
 305.00 ; Sapopemba ; 290.41 ; 41.70 ; 51.90 ; 9.40 ; 42.20 ; 44.00 ; 19.00 ; 10,098.00 ; 8,897.00 ; 29.80 ; 17.40 ; 6.40 ; 4.50 ; 50.00 ; 16.10 ; 34.70 ; 44.90 ; 1.50 ; 3.20 ; 1.00 ; 2,818.50 ; 2.16 ; 1.09 ; 9.90 ; 65.40 ; 81.30 ; 9.60 ; 26.00 ; 29.30 ; 7.00 ; 99.50 ; 6,97 ; 0,00 ; 5.70 ; 5.20 ; 5,9 ; 2,9 ; -   ; 1.40 ; -   ; 0.30 ; 0.20 ; 54,5 ; 1.07 ; 212.30 ; 1.00 ; 9.80 ; 0.60 ; 1.80 ; 12.10 ; 26.60 ; 0.10 ; 0.33 
 353.00 ; Jardim São Luís ; 295.72 ; 51.30 ; 51.80 ; 9.90 ; 43.30 ; 118.00 ; 20.60 ; 4,128.00 ; 2,728.00 ; 52.90 ; 30.00 ; 4.90 ; 5.10 ; 46.00 ; 15.10 ; 6.30 ; 17.20 ; 2.40 ; 2.80 ; 1.60 ; 3,545.90 ; 2.08 ; 0.81 ; 9.20 ; 63.50 ; 80.50 ; 12.80 ; 8.00 ; 26.30 ; 8.00 ; 97.20 ; 8,98 ; 0,02 ; 5.60 ; 5.10 ; 5,8 ; 6,9 ; 0.07 ; 1.40 ; -   ; 0.30 ; 0.30 ; 55,0 ; 0.27 ; 189.10 ; 1.40 ; 7.00 ; 0.50 ; 1.50 ; 11.20 ; 16.00 ; 0.70 ; 0.25 
 259.00 ; Campo Limpo ; 230.28 ; 47.90 ; 52.10 ; 9.70 ; 43.00 ; 82.00 ; 21.70 ; 2,001.00 ; 773.00 ; 9.50 ; 56.20 ; 5.20 ; 7.40 ; 49.00 ; 13.90 ; 12.00 ; 37.00 ; 2.20 ; 4.00 ; 1.00 ; 2,229.10 ; 2.07 ; 0.74 ; 7.70 ; 63.40 ; 14.90 ; 7.00 ; 5.00 ; 25.00 ; 15.00 ; 91.50 ; 9,05 ; 0,14 ; 5.80 ; 5.20 ; 5,8 ; 5,1 ; 0.04 ; 3.00 ; -   ; 1.30 ; 0.60 ; 57,8 ; 1.04 ; 237.60 ; 6.90 ; 6.30 ; 0.70 ; 2.50 ; 10.90 ; 22.60 ; 0.30 ; 0.31 
 312.00 ; Brasilândia ; 283.66 ; 50.60 ; 52.10 ; 11.40 ; 47.20 ; 64.00 ; 25.10 ; 2,287.00 ; 852.00 ; 83.60 ; 0.40 ; 4.60 ; 4.60 ; 50.00 ; 15.60 ; -   ; 25.10 ; 1.90 ; 2.50 ; 0.50 ; 1,693.80 ; 2.07 ; 0.76 ; 12.50 ; 62.80 ; 69.40 ; 11.40 ; 18.00 ; 26.50 ; 9.00 ; 99.80 ; 8,04 ; 0,01 ; 5.40 ; 5.00 ; 6,6 ; 4,6 ; -   ; 1.10 ; 0.04 ; -   ; 0.20 ; 58,7 ; 0.99 ; 231.80 ; 3.90 ; 7.50 ; 2.00 ; 1.20 ; 8.10 ; 14.20 ; 0.60 ; 0.19 
 225.00 ; Itaquera ; 212.22 ; 45.70 ; 52.20 ; 9.60 ; 43.00 ; 308.00 ; 6.00 ; 7,929.00 ; 4,996.00 ; 13.80 ; 84.80 ; 7.70 ; 9.50 ; 51.00 ; 14.40 ; 11.20 ; 20.70 ; 3.90 ; 5.60 ; 1.40 ; 5,392.80 ; 1.92 ; 0.72 ; 8.10 ; 65.30 ; 66.00 ; 9.80 ; 33.00 ; 28.60 ; 17.00 ; 89.50 ; 7,38 ; 0,00 ; 6.10 ; 5.20 ; 5,0 ; 4,0 ; -   ; 1.40 ; 0.05 ; -   ; 0.10 ; 60,6 ; 1.13 ; 334.70 ; 8.00 ; 4.60 ; 0.60 ; 2.20 ; 13.20 ; 32.10 ; 0.90 ; 0.57 
 255.00 ; Jabaquara ; 229.69 ; 34.40 ; 53.00 ; 8.50 ; 37.60 ; 345.00 ; 16.40 ; 1,791.00 ; 794.00 ; 32.40 ; 43.70 ; 9.20 ; 8.30 ; 37.00 ; 14.30 ; 16.60 ; 37.10 ; 5.00 ; 8.20 ; 3.80 ; 5,123.10 ; 1.88 ; 0.63 ; 7.90 ; 70.20 ; 56.90 ; 9.70 ; 19.00 ; 22.80 ; 17.00 ; 90.60 ; 7,55 ; 0,04 ; 5.90 ; 5.10 ; 6,8 ; 4,0 ; 0.04 ; 3.00 ; 0.04 ; 1.70 ; 0.20 ; 45,8 ; 0.74 ; 242.20 ; 3.90 ; 8.70 ; 0.10 ; 1.70 ; 7.40 ; 21.60 ; 0.10 ; 0.35 
 243.00 ; Itaim Paulista ; 236.10 ; 54.80 ; 51.80 ; 10.30 ; 46.20 ; 149.00 ; 6.10 ; 4,083.00 ; 2,200.00 ; 35.20 ; 35.90 ; 3.90 ; 6.00 ; 63.00 ; 15.60 ; 6.40 ; -   ; 1.50 ; 3.00 ; 0.90 ; 2,160.80 ; 1.66 ; 0.90 ; 10.50 ; 64.20 ; 59.90 ; 12.80 ; 20.00 ; 26.10 ; 10.00 ; 98.80 ; 5,87 ; 0,00 ; 5.80 ; 5.30 ; 5,9 ; 5,9 ; 0.08 ; 1.70 ; 0.04 ; 0.40 ; 0.20 ; 43,6 ; 0.51 ; 233.20 ; 5.90 ; 8.70 ; 0.50 ; 1.40 ; 5.90 ; 14.90 ; 0.60 ; 0.30 
 209.00 ; Jaraguá ; 214.80 ; 47.30 ; 51.80 ; 10.20 ; 45.40 ; 30.00 ; 13.60 ; 12,602.00 ; 8,482.00 ; 3.20 ; 55.10 ; 6.00 ; 8.90 ; 57.00 ; 17.20 ; 13.50 ; 13.80 ; 2.00 ; 1.50 ; 0.80 ; 3,284.70 ; 1.60 ; 0.58 ; 11.80 ; 62.10 ; 103.60 ; 12.10 ; 17.00 ; 25.00 ; 23.00 ; 96.40 ; 8,23 ; 0,02 ; 5.70 ; 5.10 ; 5,8 ; 4,6 ; -   ; 1.90 ; -   ; -   ; 0.20 ; 52,7 ; 0.23 ; 251.80 ; 3.70 ; 5.10 ; 0.40 ; 1.70 ; 6.50 ; 15.10 ; 0.20 ; 0.15 
 278.00 ; Cidade Dutra ; 203.79 ; 45.50 ; 52.20 ; 9.40 ; 41.70 ; 166.00 ; 8.70 ; 2,163.00 ; 2,003.00 ; -   ; 100.00 ; 9.30 ; 9.80 ; 46.00 ; 16.00 ; 27.70 ; 62.00 ; 3.10 ; 2.30 ; 2.10 ; 2,329.00 ; 1.59 ; 0.76 ; 9.50 ; 66.10 ; 118.00 ; 9.90 ; 16.00 ; 23.00 ; 13.00 ; 95.70 ; 8,21 ; 0,05 ; 6.20 ; 5.40 ; 5,5 ; 5,2 ; -   ; 2.00 ; -   ; -   ; 0.80 ; 53,8 ; 0.59 ; 224.80 ; 4.90 ; 14.10 ; 0.60 ; 1.10 ; 5.90 ; 6.40 ; 0.20 ; 0.22 
 208.00 ; Pirituba ; 171.35 ; 31.30 ; 52.40 ; 8.60 ; 38.20 ; 38.00 ; 6.80 ; 3,646.00 ; 292.00 ; 4.70 ; 83.90 ; 7.50 ; 4.70 ; 46.00 ; 17.40 ; 21.20 ; 12.60 ; 3.60 ; 3.60 ; 3.30 ; 4,455.20 ; 1.53 ; 0.71 ; 7.20 ; 67.90 ; 50.30 ; 11.40 ; 21.00 ; 26.00 ; 13.00 ; 93.90 ; 10,16 ; 0,12 ; 5.90 ; 5.20 ; 5,9 ; 3,1 ; 0.06 ; 0.60 ; -   ; 0.60 ; 0.40 ; 72,0 ; 1.52 ; 290.50 ; 4.10 ; 2.50 ; 1.00 ; 1.40 ; 7.60 ; 5.60 ; 0.40 ; 0.25 
 314.00 ; Tremembé ; 225.51 ; 39.70 ; 51.80 ; 10.00 ; 43.50 ; 61.00 ; 10.70 ; 1,434.00 ; 732.00 ; -   ; 56.00 ; 7.30 ; 4.00 ; 46.00 ; 15.90 ; -   ; -   ; 1.70 ; 0.70 ; 0.80 ; 2,690.60 ; 1.49 ; 0.62 ; 10.30 ; 66.10 ; 95.90 ; 9.70 ; 22.00 ; 26.90 ; 11.00 ; 98.00 ; 8,04 ; 0,00 ; 5.90 ; 5.40 ; 6,3 ; 5,3 ; 0.04 ; 0.40 ; 0.04 ; -   ; 0.10 ; 52,6 ; 0.35 ; 205.10 ; 4.40 ; 22.20 ; 0.40 ; 2.50 ; 13.30 ; 28.50 ; 1.30 ; 0.07 
 311.00 ; Freguesia do Ó ; 139.97 ; 29.90 ; 52.90 ; 8.50 ; 36.90 ; 101.00 ; 4.00 ; 1,171.00 ; 300.00 ; -   ; 81.30 ; 10.20 ; 5.00 ; 42.00 ; 15.00 ; -   ; 70.80 ; 3.20 ; 4.10 ; 1.70 ; 2,412.40 ; 1.45 ; 0.96 ; 6.90 ; 69.60 ; 191.70 ; 10.50 ; 14.00 ; 27.10 ; 17.00 ; 91.80 ; 7,83 ; 0,00 ; 5.90 ; 5.40 ; 6,2 ; 3,4 ; 0.14 ; 2.90 ; -   ; 0.70 ; 0.90 ; 66,7 ; 1.86 ; 289.60 ; 2.90 ; 2.20 ; 0.90 ; 2.10 ; 3.60 ; 7.00 ; 0.20 ; 0.29 
 217.00 ; Cidade Tiradentes ; 237.87 ; 56.10 ; 52.20 ; 10.60 ; 48.50 ; 134.00 ; 4.10 ; 26,072.00 ; 22,115.00 ; 6.30 ; 1.60 ; 4.10 ; 3.40 ; 69.00 ; 15.00 ; -   ; 17.90 ; 1.10 ; 1.70 ; 0.30 ; 2,654.40 ; 1.41 ; 0.90 ; 13.30 ; 59.40 ; 73.10 ; 11.60 ; 19.00 ; 27.20 ; 7.00 ; 99.90 ; 7,45 ; 0,01 ; 5.40 ; 4.90 ; 5,9 ; 4,8 ; 0.21 ; 5.00 ; 0.04 ; -   ; 0.20 ; 61,6 ; 0.71 ; 208.80 ; 2.50 ; 8.50 ; 0.80 ; 3.00 ; 16.00 ; 36.30 ; -   ; 0.29 
 220.00 ; São Mateus ; 155.73 ; 37.50 ; 51.70 ; 9.40 ; 41.60 ; 267.00 ; 6.10 ; 4,261.00 ; 652.00 ; 55.00 ; 32.40 ; 10.30 ; 7.70 ; 49.00 ; 15.50 ; 9.30 ; 47.70 ; 3.00 ; 3.70 ; 1.90 ; 2,528.10 ; 1.40 ; 0.76 ; 7.70 ; 65.60 ; 114.50 ; 10.30 ; 34.00 ; 26.70 ; 8.00 ; 99.30 ; 5,59 ; 0,11 ; 5.70 ; 5.10 ; 6,2 ; 3,9 ; 0.06 ; 0.60 ; -   ; -   ; 0.40 ; 52,0 ; 1.35 ; 308.40 ; 9.60 ; 6.50 ; 1.90 ; 2.80 ; 9.60 ; 16.80 ; 0.20 ; 0.38 
 250.00 ; Cachoeirinha ; 146.87 ; 43.30 ; 52.00 ; 10.40 ; 44.00 ; 126.00 ; 20.00 ; 1,349.00 ; 580.00 ; -   ; 56.20 ; 7.40 ; 3.40 ; 46.00 ; 15.20 ; -   ; 35.00 ; 2.30 ; 2.40 ; 1.00 ; 2,503.70 ; 1.38 ; 1.02 ; 9.30 ; 63.70 ; 63.70 ; 12.40 ; 26.00 ; 26.90 ; 9.00 ; 99.70 ; 6,72 ; 0,02 ; 5.70 ; 5.30 ; 8,9 ; 5,1 ; 0.07 ; 2.00 ; -   ; 1.40 ; 0.10 ; 80,0 ; 0.48 ; 212.10 ; 4.10 ; 5.70 ; 0.40 ; 1.60 ; 10.90 ; 23.30 ; 0.20 ; 0.21 
 204.00 ; Lajeado ; 175.63 ; 56.20 ; 51.40 ; 10.90 ; 47.80 ; 192.00 ; 7.10 ; 6,328.00 ; 2,927.00 ; 46.10 ; 10.90 ; 4.10 ; 1.70 ; 59.00 ; 13.20 ; 6.30 ; -   ; 1.30 ; 2.60 ; 1.80 ; 4,594.20 ; 1.31 ; 0.76 ; 10.30 ; 61.50 ; 54.30 ; 11.80 ; 19.00 ; 25.60 ; 5.00 ; 99.50 ; 5,44 ; 0,00 ; 5.70 ; 5.00 ; 5,4 ; 4,8 ; 0.06 ; 3.40 ; -   ; -   ; 0.20 ; 54,5 ; 0.28 ; 237.10 ; 3.40 ; 6.70 ; 0.40 ; 2.30 ; 13.10 ; 32.80 ; 0.20 ; 0.25 
 242.00 ; Vila Curuçá ; 154.16 ; 51.20 ; 51.70 ; 9.60 ; 44.70 ; 37.00 ; 6.70 ; 2,679.00 ; 1,162.00 ; 63.60 ; 4.80 ; 3.80 ; 1.30 ; 58.00 ; 16.30 ; 5.50 ; 11.50 ; 2.10 ; 3.50 ; 0.60 ; 2,529.00 ; 1.28 ; 0.88 ; 9.20 ; 64.60 ; 47.30 ; 8.40 ; 17.00 ; 24.00 ; 17.00 ; 99.80 ; 8,27 ; 0,01 ; 5.90 ; 5.20 ; 5,6 ; 4,0 ; -   ; 1.90 ; -   ; 0.60 ; 0.50 ; 48,5 ; 0.45 ; 247.60 ; 5.80 ; 7.90 ; 0.40 ; 2.20 ; 3.90 ; -   ; 0.70 ; 0.32 
 226.00 ; Cidade Líder ; 135.92 ; 38.80 ; 51.70 ; 9.20 ; 41.60 ; 20.00 ; 6.60 ; 3,322.00 ; 300.00 ; 45.50 ; 52.80 ; 6.00 ; 3.70 ; 51.00 ; 15.90 ; -   ; 10.40 ; 3.00 ; 4.00 ; 0.90 ; 1,851.30 ; 1.26 ; 0.79 ; 7.90 ; 64.60 ; 26.40 ; 12.20 ; 39.00 ; 27.80 ; 8.00 ; 91.10 ; 7,70 ; 0,04 ; 5.90 ; 5.60 ; 5,4 ; 2,5 ; -   ; 2.20 ; 0.07 ; -   ; 0.50 ; 41,7 ; 0.59 ; 264.60 ; 2.20 ; 2.40 ; -   ; 1.00 ; 5.10 ; 16.10 ; 0.50 ; 0.27 
 252.00 ; Pedreira ; 162.44 ; 52.40 ; 51.60 ; 9.50 ; 44.40 ; 39.00 ; 18.10 ; 418.00 ; 406.00 ; -   ; 100.00 ; 5.30 ; 3.10 ; 55.00 ; 14.10 ; -   ; 2.20 ; 2.00 ; 1.80 ; 1.00 ; 2,153.50 ; 1.26 ; 0.76 ; 11.20 ; 62.10 ; 67.80 ; 10.40 ; 17.00 ; 25.30 ; 9.00 ; 99.60 ; 6,68 ; 0,01 ; 5.50 ; não aplicável ; 6,9 ; 4,9 ; -   ; 0.60 ; -   ; -   ; 0.20 ; 58,8 ; 0.49 ; 214.30 ; 0.60 ; 9.60 ; 0.60 ; 2.30 ; 7.40 ; 17.50 ; 0.20 ; 0.16 
 200.00 ; Vila Medeiros ; 123.13 ; 34.00 ; 53.00 ; 9.00 ; 38.50 ; 50.00 ; 3.00 ; 587.00 ; -   ; 3.40 ; 96.60 ; 8.20 ; 2.40 ; 40.00 ; 15.50 ; -   ; 22.90 ; 2.40 ; 3.70 ; 1.60 ; 2,473.10 ; 1.25 ; 0.80 ; 9.60 ; 69.30 ; 115.10 ; 5.30 ; 15.00 ; 27.80 ; 8.00 ; 95.30 ; 11,20 ; 0,06 ; 6.10 ; 5.50 ; 5,8 ; 1,0 ; -   ; -   ; -   ; -   ; 0.20 ; 64,3 ; 0.41 ; 245.20 ; 5.70 ; 7.60 ; 0.50 ; 1.10 ; 8.90 ; 11.60 ; 0.30 ; 0.34 
 229.00 ; Penha ; 129.07 ; 23.90 ; 53.30 ; 7.80 ; 35.00 ; 368.00 ; 6.10 ; 3,498.00 ; 826.00 ; 0.70 ; 94.70 ; 12.30 ; 9.30 ; 37.00 ; 18.10 ; 22.70 ; 58.10 ; 4.70 ; 5.20 ; 2.60 ; 2,338.10 ; 1.22 ; 0.87 ; 7.30 ; 71.30 ; 65.00 ; 12.00 ; 29.00 ; 25.70 ; 7.00 ; 69.40 ; 9,20 ; 0,00 ; 6.40 ; 5.60 ; 3,1 ; 1,9 ; 0.08 ; 3.90 ; -   ; 0.80 ; 0.20 ; 50,0 ; 1.70 ; 251.00 ; 3.10 ; 4.50 ; 0.50 ; 2.30 ; 1.50 ; -   ; 0.50 ; 0.44 
 230.00 ; Cangaíba ; 138.29 ; 38.20 ; 52.50 ; 9.40 ; 40.40 ; 10.00 ; 10.80 ; 1,802.00 ; -   ; 62.50 ; 31.70 ; 8.30 ; 6.50 ; 48.00 ; 17.80 ; 5.80 ; 26.70 ; 2.90 ; 2.40 ; 1.20 ; 2,214.70 ; 1.22 ; 0.84 ; 8.40 ; 66.20 ; 97.30 ; 9.10 ; 23.00 ; 27.70 ; 10.00 ; 98.90 ; 6,66 ; 0,00 ; 6.30 ; 5.50 ; 5,1 ; 4,0 ; -   ; 3.60 ; 0.07 ; 0.70 ; 0.20 ; 50,0 ; 0.80 ; 275.80 ; 3.60 ; 5.60 ; 0.70 ; 1.70 ; 7.20 ; 19.60 ; 1.70 ; 0.17 
 306.00 ; São Lucas ; 142.88 ; 24.40 ; 52.60 ; 7.50 ; 35.50 ; 36.00 ; 4.30 ; 2,385.00 ; 313.00 ; 9.20 ; 25.70 ; 7.50 ; 4.90 ; 41.00 ; 16.70 ; 39.00 ; 13.30 ; 3.40 ; 5.10 ; 1.30 ; 2,285.50 ; 1.21 ; 0.78 ; 6.20 ; 70.40 ; 65.10 ; 12.50 ; 23.00 ; 28.80 ; 10.00 ; 98.80 ; 8,54 ; 0,04 ; 5.70 ; 5.40 ; 6,0 ; 1,9 ; -   ; 0.70 ; -   ; 0.70 ; 0.70 ; 66,7 ; 0.42 ; 183.90 ; 2.80 ; 9.10 ; -   ; 1.20 ; 4.90 ; 14.10 ; 0.20 ; 0.27 
 257.00 ; Vila Andrade ; 166.00 ; 41.40 ; 51.10 ; 9.00 ; 43.50 ; 114.00 ; 32.70 ; 3,697.00 ; 1,576.00 ; 41.90 ; 30.90 ; 6.20 ; 6.70 ; 39.00 ; 13.70 ; 8.80 ; 59.20 ; 5.70 ; 9.20 ; 2.00 ; 2,948.70 ; 1.11 ; 0.93 ; 8.40 ; 66.20 ; 42.40 ; 5.50 ; 7.00 ; 23.50 ; 10.00 ; 80.90 ; 11,39 ; 0,15 ; 5.40 ; não aplicável ; 4,6 ; 6,3 ; -   ; 0.60 ; -   ; -   ; 0.10 ; 61,5 ; 0.36 ; 125.40 ; 6.00 ; 4.30 ; 0.40 ; 3.90 ; 10.80 ; 27.90 ; -   ; 0.29 
 234.00 ; Rio Pequeno ; 124.03 ; 32.40 ; 52.00 ; 10.50 ; 40.40 ; 13.00 ; 20.40 ; 1,984.00 ; 1,640.00 ; -   ; 5.80 ; 7.40 ; 4.90 ; 39.00 ; 18.10 ; -   ; 76.80 ; 3.40 ; 4.40 ; 3.70 ; 2,408.70 ; 1.10 ; 0.89 ; 7.90 ; 69.20 ; 30.00 ; 6.30 ; 6.00 ; 22.80 ; 5.00 ; 97.70 ; 11,44 ; 0,08 ; 5.40 ; 4.90 ; 7,2 ; 4,1 ; -   ; 1.60 ; -   ; -   ; 0.50 ; 50,0 ; -   ; 213.30 ; 7.30 ; 2.90 ; -   ; 4.30 ; 8.10 ; 15.90 ; -   ; 0.15 
 284.00 ; Vila Jacuí ; 146.28 ; 49.00 ; 51.70 ; 8.60 ; 43.00 ; 49.00 ; 4.70 ; 2,291.00 ; 2,080.00 ; -   ; 96.20 ; 9.10 ; 13.70 ; 59.00 ; 16.80 ; -   ; 61.40 ; 1.60 ; 2.90 ; 1.00 ; 2,945.00 ; 1.08 ; 0.82 ; 10.00 ; 64.40 ; 77.60 ; 11.50 ; 18.00 ; 28.10 ; 14.00 ; 97.90 ; 5,53 ; 0,08 ; 6.00 ; 5.30 ; 6,3 ; 3,9 ; -   ; 1.40 ; -   ; 0.70 ; 0.20 ; 61,5 ; -   ; 221.80 ; 1.40 ; 3.90 ; 0.20 ; 1.40 ; 7.50 ; 13.70 ; 0.70 ; 0.25 
 201.00 ; Vila Maria ; 114.08 ; 34.00 ; 52.10 ; 9.90 ; 41.00 ; 428.00 ; 13.00 ; 2,363.00 ; 2,008.00 ; 2.30 ; 97.80 ; 14.60 ; 13.20 ; 38.00 ; 16.70 ; -   ; 62.60 ; 5.80 ; 5.60 ; 7.60 ; 2,849.90 ; 1.05 ; 0.93 ; 9.30 ; 67.90 ; 156.10 ; 7.40 ; 16.00 ; 27.90 ; 13.00 ; 82.60 ; 8,97 ; 0,02 ; 5.90 ; 5.10 ; 4,7 ; 2,2 ; -   ; 0.90 ; -   ; 0.90 ; 0.30 ; 58,3 ; 3.07 ; 225.10 ; 5.30 ; 16.20 ; 1.50 ; 5.60 ; 6.10 ; 12.10 ; 1.50 ; 0.27 
 233.00 ; Vila Sônia ; 122.46 ; 27.90 ; 52.40 ; 9.00 ; 38.10 ; 7.00 ; 22.70 ; 1,132.00 ; 280.00 ; 63.60 ; 35.20 ; 7.20 ; 4.10 ; 37.00 ; 17.10 ; 2.20 ; 30.70 ; 5.10 ; 6.20 ; 3.50 ; 2,510.00 ; 1.03 ; 0.95 ; 5.30 ; 70.80 ; 70.80 ; 11.40 ; 4.00 ; 21.60 ; 36.00 ; 93.80 ; 6,79 ; 0,40 ; 5.80 ; 5.10 ; 5,3 ; 3,0 ; -   ; -   ; -   ; 1.60 ; 0.40 ; 38,5 ; 3.59 ; 175.00 ; 3.30 ; 4.00 ; 0.50 ; 1.90 ; 6.50 ; 8.20 ; 0.80 ; 0.38 
 286.00 ; Jardim Helena ; 136.05 ; 54.70 ; 51.30 ; 11.30 ; 47.20 ; 36.00 ; 12.30 ; 1,541.00 ; 1,337.00 ; -   ; 90.70 ; 3.80 ; 0.70 ; 59.00 ; 13.30 ; 26.60 ; 49.60 ; 0.90 ; 1.30 ; 0.90 ; 4,970.60 ; 1.03 ; 1.14 ; 11.80 ; 62.90 ; 44.60 ; 10.70 ; 25.00 ; 24.70 ; 14.00 ; 98.60 ; 6,54 ; 0,04 ; 5.60 ; 5.10 ; 4,4 ; 5,1 ; 0.07 ; 2.20 ; -   ; 0.70 ; 0.40 ; 58,3 ; 0.51 ; 207.10 ; 4.40 ; 7.10 ; -   ; 0.50 ; 10.30 ; 11.60 ; 1.00 ; 0.13 
 304.00 ; Vila Prudente ; 104.62 ; 19.00 ; 52.90 ; 7.40 ; 33.70 ; 267.00 ; 5.20 ; 2,310.00 ; 1,060.00 ; 0.40 ; 97.00 ; 11.00 ; 7.60 ; 36.00 ; 15.20 ; 22.70 ; 43.80 ; 3.70 ; 4.10 ; 2.90 ; 2,856.10 ; 1.03 ; 0.82 ; 5.30 ; 71.90 ; 41.60 ; 13.60 ; 21.00 ; 26.70 ; 9.00 ; 79.50 ; 7,60 ; 0,16 ; 6.50 ; 5.80 ; 6,3 ; 1,3 ; -   ; 1.00 ; -   ; 1.00 ; 0.50 ; 76,9 ; 0.86 ; 199.80 ; 3.80 ; 9.00 ; -   ; 3.80 ; 8.60 ; 5.10 ; -   ; 0.32 
 221.00 ; Iguatemi ; 151.59 ; 50.90 ; 50.90 ; 11.10 ; 48.10 ; 1.00 ; 7.10 ; 2,613.00 ; 203.00 ; -   ; 0.60 ; 5.70 ; 7.30 ; 56.00 ; 15.90 ; -   ; 18.20 ; 1.50 ; 1.10 ; 0.40 ; 1,900.10 ; 1.01 ; 0.77 ; 12.20 ; 59.30 ; 86.30 ; 12.90 ; 25.00 ; 27.90 ; 5.00 ; 98.10 ; 5,92 ; 0,07 ; 5.70 ; 5.20 ; 5,6 ; 3,7 ; -   ; 2.60 ; -   ; -   ; 0.30 ; 56,3 ; 0.99 ; 175.00 ; 3.30 ; 10.40 ; 0.40 ; 4.70 ; 14.50 ; 33.30 ; -   ; 0.16 
 231.00 ; Artur Alvim ; 100.04 ; 37.10 ; 53.10 ; 8.00 ; 37.30 ; 139.00 ; 7.30 ; 213,957.00 ; 211,010.00 ; 26.30 ; 60.80 ; 9.90 ; 7.00 ; 47.00 ; 16.10 ; 21.50 ; 48.80 ; 2.70 ; 4.20 ; 0.70 ; 1,773.70 ; 1.00 ; 0.86 ; 8.30 ; 68.60 ; 87.90 ; 10.10 ; 28.00 ; 28.10 ; 13.00 ; 98.80 ; 5,32 ; 0,02 ; 6.50 ; 5.20 ; 5,6 ; 2,2 ; -   ; 1.00 ; -   ; -   ; 0.80 ; 39,1 ; 3.40 ; 299.10 ; 1.00 ; 2.90 ; 0.30 ; 1.70 ; 6.00 ; 4.80 ; 1.00 ; 0.45 
 239.00 ; Parelheiros ; 155.47 ; 56.60 ; 51.10 ; 11.60 ; 49.40 ; 40.00 ; 8.10 ; 368.00 ; -   ; 50.00 ; -   ; 6.10 ; 6.50 ; 66.00 ; 19.90 ; -   ; 9.70 ; 1.50 ; 0.20 ; 0.60 ; 2,538.90 ; 1.00 ; 1.09 ; 11.60 ; 61.90 ; 79.00 ; 10.90 ; 10.00 ; 22.80 ; 17.00 ; 99.70 ; 6,42 ; 0,00 ; 5.70 ; 5.20 ; 2,9 ; 5,2 ; 0.13 ; 1.90 ; -   ; -   ; 0.20 ; 48,0 ; 0.51 ; 249.00 ; 0.60 ; 15.00 ; 1.50 ; 2.00 ; 10.90 ; 14.70 ; 0.20 ; 0.03 
 196.00 ; Tucuruvi ; 96.07 ; 19.30 ; 53.80 ; 6.90 ; 31.50 ; 66.00 ; 0.70 ; 2,443.00 ; -   ; 11.50 ; 84.80 ; 8.50 ; 4.20 ; 36.00 ; 15.60 ; 32.70 ; 7.30 ; 5.40 ; 5.50 ; 2.00 ; 2,318.30 ; 0.99 ; 0.73 ; 5.50 ; 72.70 ; 54.30 ; 8.50 ; 27.00 ; 25.60 ; 8.00 ; 84.90 ; 5,98 ; 0,00 ; 6.40 ; 5.50 ; 4,8 ; 2,7 ; 0.10 ; 2.10 ; -   ; -   ; 0.20 ; 71,4 ; 1.77 ; 239.60 ; 11.50 ; 6.80 ; -   ; 1.70 ; 1.00 ; -   ; -   ; 0.32 
 228.00 ; Vila Matilde ; 105.52 ; 25.40 ; 52.90 ; 7.70 ; 36.00 ; 66.00 ; 0.60 ; 3,706.00 ; -   ; 0.80 ; 84.30 ; 10.30 ; 2.80 ; 41.00 ; 16.50 ; 27.60 ; 55.20 ; 3.50 ; 4.20 ; 4.80 ; 2,137.30 ; 0.99 ; 0.97 ; 6.30 ; 71.60 ; -   ; 8.10 ; 26.00 ; 24.20 ; 18.00 ; 96.80 ; 5,70 ; 0,05 ; 6.20 ; 5.30 ; 5,8 ; 1,3 ; -   ; -   ; -   ; 0.90 ; 0.30 ; 76,9 ; 1.80 ; 245.60 ; 2.80 ; 4.40 ; -   ; 0.90 ; 3.80 ; 9.40 ; -   ; 0.30 
 274.00 ; Cursino ; 113.93 ; 24.60 ; 53.30 ; 7.70 ; 33.90 ; 43.00 ; 6.40 ; 523.00 ; 266.00 ; -   ; 92.60 ; 8.20 ; 5.30 ; 35.00 ; 15.70 ; 10.10 ; 22.50 ; 4.50 ; 4.20 ; 3.30 ; 3,051.50 ; 0.99 ; 0.99 ; 5.70 ; 73.60 ; -   ; 10.20 ; 19.00 ; 21.10 ; 6.00 ; 86.20 ; 13,48 ; 0,00 ; 5.60 ; não aplicável ; 9,2 ; 3,0 ; -   ; 0.90 ; -   ; 0.90 ; 0.10 ; 37,5 ; 1.49 ; 240.40 ; 4.40 ; 7.70 ; 0.30 ; 0.60 ; 7.90 ; 14.70 ; 0.30 ; 0.11 
 197.00 ; Santana ; 112.67 ; 14.50 ; 55.20 ; 7.10 ; 30.10 ; 1,124.00 ; 0.20 ; 1,860.00 ; 700.00 ; 2.30 ; 91.60 ; 14.00 ; 9.70 ; 33.00 ; 15.70 ; 29.70 ; 38.50 ; 8.80 ; 7.60 ; 6.80 ; 2,403.20 ; 0.98 ; 0.95 ; 2.30 ; 74.80 ; 92.10 ; 14.00 ; 37.00 ; 22.80 ; 38.00 ; 68.40 ; 13,79 ; 0,12 ; 5.90 ; 5.20 ; 6,1 ; 4,2 ; -   ; 2.70 ; -   ; 0.90 ; 0.20 ; 72,7 ; 2.84 ; 264.30 ; 5.30 ; 6.70 ; -   ; 1.50 ; -   ; -   ; -   ; 0.38 
 281.00 ; Saúde ; 134.03 ; 10.90 ; 54.20 ; 6.40 ; 27.60 ; 340.00 ; 0.90 ; 286.00 ; 80.00 ; -   ; 81.10 ; 7.50 ; 4.50 ; 29.00 ; 15.30 ; 58.40 ; 69.10 ; 8.20 ; 11.80 ; 5.20 ; 3,432.50 ; 0.98 ; 0.82 ; 1.20 ; 77.30 ; -   ; 7.90 ; 24.00 ; 18.60 ; 3.00 ; 24.60 ; 10,34 ; 0,00 ; 6.40 ; não aplicável ; 9,6 ; 5,0 ; -   ; -   ; -   ; 0.70 ; -   ; 100,0 ; 1.64 ; 170.70 ; 4.50 ; 2.40 ; 0.50 ; 2.20 ; 2.20 ; 10.40 ; 0.50 ; 0.26 
 219.00 ; São Rafael ; 161.03 ; 47.90 ; 51.00 ; 9.60 ; 45.90 ; 20.00 ; 9.30 ; 5,367.00 ; 4,651.00 ; 97.80 ; -   ; 3.40 ; 4.40 ; 55.00 ; 12.30 ; 1.40 ; 18.50 ; 1.70 ; 2.10 ; 1.00 ; 2,776.40 ; 0.97 ; 0.99 ; 12.40 ; 59.80 ; 161.60 ; 13.10 ; 27.00 ; 25.40 ; 11.00 ; 98.00 ; 8,63 ; 0,06 ; 5.50 ; 5.10 ; 4,6 ; 3,8 ; 0.12 ; 1.90 ; 0.06 ; -   ; 0.10 ; 45,2 ; 0.50 ; 188.80 ; 3.10 ; 8.80 ; 1.20 ; 4.00 ; 14.30 ; 19.50 ; 0.20 ; 0.15 
 224.00 ; José Bonifácio ; 137.40 ; 47.60 ; 52.70 ; 8.40 ; 41.30 ; 142.00 ; 1.30 ; 20,222.00 ; 16,647.00 ; 18.40 ; 18.00 ; 4.60 ; 5.10 ; 54.00 ; 15.50 ; 19.50 ; -   ; 1.30 ; 1.20 ; 1.80 ; 2,757.10 ; 0.97 ; 0.68 ; 10.00 ; 64.50 ; 101.40 ; 13.20 ; 28.00 ; 29.00 ; 7.00 ; 99.80 ; 6,00 ; 0,04 ; 6.00 ; 5.30 ; 5,6 ; 3,5 ; 0.07 ; 2.20 ; -   ; -   ; 0.40 ; 58,3 ; 1.89 ; 233.40 ; 2.90 ; 4.60 ; 0.20 ; 2.20 ; 4.40 ; 6.30 ; 0.50 ; 0.18 
 198.00 ; Mandaqui ; 109.28 ; 24.30 ; 53.10 ; 7.70 ; 35.30 ; 42.00 ; 3.10 ; 876.00 ; 160.00 ; 33.20 ; 65.60 ; 8.90 ; 5.50 ; 42.00 ; 15.90 ; -   ; 57.80 ; 3.30 ; 2.70 ; 2.40 ; 3,181.70 ; 0.96 ; 1.03 ; 6.20 ; 70.40 ; 48.30 ; 6.80 ; 32.00 ; 26.50 ; 39.00 ; 95.10 ; 7,74 ; 0,00 ; 6.10 ; não aplicável ; 6,5 ; 4,6 ; -   ; 0.90 ; -   ; 0.90 ; 0.30 ; 33,3 ; 0.18 ; 199.40 ; 3.70 ; 4.90 ; -   ; 1.20 ; 7.30 ; 9.20 ; -   ; 0.12 
 192.00 ; Vila Formosa ; 93.95 ; 20.40 ; 52.90 ; 7.30 ; 34.40 ; 39.00 ; 0.90 ; 1,144.00 ; -   ; 1.60 ; 90.70 ; 9.10 ; 4.30 ; 38.00 ; 15.80 ; -   ; 53.60 ; 5.10 ; 6.40 ; 3.90 ; 1,992.20 ; 0.95 ; 0.72 ; 4.20 ; 71.90 ; 55.50 ; 4.90 ; 26.00 ; 28.50 ; 17.00 ; 88.60 ; 10,68 ; 0,09 ; não aplicável ; não aplicável ; 7,2 ; 5,1 ; 0.21 ; 6.40 ; -   ; -   ; 0.40 ; 50,0 ; 1.06 ; 213.70 ; 1.10 ; 5.30 ; -   ; 0.40 ; 4.30 ; 10.80 ; -   ; 0.36 
 262.00 ; Campo Grande ; 107.04 ; 22.30 ; 53.30 ; 7.30 ; 34.50 ; 234.00 ; 3.70 ; 2,082.00 ; 131.00 ; 24.00 ; 75.40 ; 15.30 ; 10.30 ; 34.00 ; 15.00 ; 2.40 ; 16.40 ; 5.20 ; 4.30 ; 4.30 ; 4,438.10 ; 0.95 ; 0.87 ; 4.50 ; 71.60 ; -   ; 10.70 ; 39.00 ; 25.30 ; 15.00 ; 88.30 ; 6,98 ; 0,02 ; 5.80 ; 5.50 ; 6,7 ; 1,8 ; -   ; -   ; -   ; -   ; 0.70 ; 50,0 ; 0.47 ; 193.20 ; 4.70 ; 6.50 ; 0.30 ; 1.60 ; 1.90 ; -   ; 0.30 ; 0.39 
 280.00 ; Vila Mariana ; 132.03 ; 8.70 ; 54.40 ; 6.30 ; 25.70 ; 275.00 ; 0.80 ; 72.00 ; -   ; -   ; 100.00 ; 7.00 ; 2.30 ; 31.00 ; 14.30 ; 65.00 ; 73.90 ; 13.20 ; 20.20 ; 8.80 ; 4,290.30 ; 0.95 ; 0.89 ; 1.70 ; 78.30 ; -   ; 4.00 ; 14.00 ; 20.10 ; 10.00 ; 57.10 ; 5,37 ; 0,00 ; não aplicável ; 5.70 ; 6,7 ; 1,6 ; -   ; 3.00 ; 0.08 ; 2.30 ; 0.30 ; 50,0 ; 5.00 ; 184.30 ; 9.80 ; 3.40 ; -   ; 0.50 ; 1.50 ; -   ; -   ; 0.33 
 290.00 ; República ; 61.96 ; 30.20 ; 49.90 ; 7.70 ; 28.50 ; 2,656.00 ; -   ; 188.00 ; 90.00 ; -   ; 20.40 ; 23.30 ; 9.70 ; 27.00 ; 12.60 ; 88.00 ; 98.70 ; 17.30 ; 44.64 ; 15.80 ; 2,930.90 ; 0.95 ; 0.77 ; 6.10 ; 67.90 ; -   ; 13.60 ; -   ; 26.00 ; 11.00 ; 26.20 ; não aplicável ; não aplicável ; não aplicável ; não aplicável ; não aplicável ; não aplicável ; 0.81 ; 14.50 ; 0.16 ; 25.80 ; -   ; 50,0 ; 12.43 ; 470.90 ; 32.30 ; 3.00 ; 1.10 ; 1.10 ; 8.10 ; 22.90 ; 2.20 ; 1.05 
 309.00 ; Ermelino Matarazzo ; 119.10 ; 43.00 ; 51.80 ; 9.40 ; 42.10 ; 237.00 ; 8.60 ; 1,236.00 ; 33.00 ; 13.40 ; 48.60 ; 5.60 ; 1.70 ; 51.00 ; 17.10 ; 12.90 ; 60.70 ; 2.90 ; 3.60 ; 3.00 ; 3,625.00 ; 0.94 ; 0.92 ; 8.60 ; 65.10 ; -   ; 7.30 ; 17.00 ; 22.80 ; 10.00 ; 88.60 ; 5,45 ; 0,00 ; não aplicável ; 5.30 ; 7,5 ; 7,4 ; -   ; 0.80 ; -   ; -   ; 0.40 ; 37,5 ; 1.60 ; 262.70 ; 4.20 ; 5.40 ; 0.80 ; 1.40 ; 7.60 ; 11.00 ; 2.20 ; 0.21 
 235.00 ; Raposo Tavares ; 107.97 ; 46.50 ; 52.50 ; 10.30 ; 43.10 ; 163.00 ; 11.10 ; 28,627.00 ; 3,738.00 ; 14.30 ; 83.20 ; 6.60 ; 4.70 ; 48.00 ; 17.80 ; -   ; 32.90 ; 2.50 ; 2.20 ; 1.70 ; 2,542.00 ; 0.93 ; 0.81 ; 8.10 ; 65.90 ; -   ; 11.50 ; 8.00 ; 24.20 ; 3.00 ; 99.50 ; 7,13 ; 0,01 ; 5.80 ; 5.10 ; 5,1 ; 3,3 ; 0.09 ; 1.90 ; -   ; 1.90 ; 0.20 ; 46,4 ; 1.11 ; 259.60 ; 5.60 ; 5.80 ; 0.90 ; 5.00 ; 11.10 ; 24.80 ; 0.30 ; 0.16 
 308.00 ; Ponte Rasa ; 89.57 ; 35.20 ; 52.80 ; 8.20 ; 38.00 ; 109.00 ; 3.40 ; 839.00 ; -   ; 24.90 ; 53.80 ; 10.60 ; 8.90 ; 47.00 ; 18.50 ; -   ; 65.90 ; 2.90 ; 3.90 ; 1.10 ; 2,777.50 ; 0.92 ; 0.77 ; 6.50 ; 68.60 ; 92.70 ; 8.50 ; 15.00 ; 28.00 ; 17.00 ; 98.90 ; 7,78 ; 0,02 ; 6.20 ; 5.10 ; 6,0 ; 5,6 ; -   ; -   ; -   ; -   ; 0.40 ; 44,4 ; 3.35 ; 301.90 ; 2.20 ; 2.60 ; -   ; 2.60 ; 5.60 ; 5.20 ; -   ; 0.47 
 273.00 ; Ipiranga ; 112.53 ; 22.00 ; 53.30 ; 7.80 ; 34.40 ; 451.00 ; 3.30 ; 3,701.00 ; 3,191.00 ; -   ; 82.00 ; 10.70 ; 2.70 ; 32.00 ; 15.50 ; 34.50 ; 64.30 ; 5.80 ; 5.90 ; 8.00 ; 2,993.20 ; 0.91 ; 0.82 ; 5.40 ; 73.50 ; 76.00 ; 6.90 ; 31.00 ; 20.70 ; 23.00 ; 61.00 ; 9,20 ; 0,00 ; 4.80 ; não aplicável ; 6,2 ; 5,3 ; 0.09 ; 4.40 ; 0.09 ; 3.60 ; 0.40 ; 70,0 ; 3.20 ; 268.80 ; 1.80 ; 5.40 ; 1.50 ; 4.20 ; 5.30 ; -   ; 0.30 ; 0.26 
 315.00 ; Jaçanã ; 96.18 ; 35.80 ; 52.60 ; 8.50 ; 40.50 ; 236.00 ; 8.20 ; 1,302.00 ; 1,051.00 ; -   ; 81.70 ; 12.90 ; 22.90 ; 47.00 ; 13.90 ; -   ; 34.70 ; 2.50 ; 2.90 ; 2.50 ; 2,413.00 ; 0.91 ; 1.02 ; 11.00 ; 68.70 ; 166.40 ; 12.30 ; 21.00 ; 25.00 ; 3.00 ; 93.40 ; 6,40 ; 0,03 ; 6.10 ; 5.50 ; 6,8 ; 5,6 ; -   ; 3.10 ; -   ; -   ; 0.20 ; 58,8 ; 1.46 ; 249.60 ; 6.20 ; 4.20 ; 1.70 ; 4.90 ; 9.40 ; 13.70 ; 0.70 ; 0.21 
 205.00 ; Guaianases ; 110.36 ; 51.50 ; 51.60 ; 10.80 ; 46.60 ; 199.00 ; 2.90 ; 4,201.00 ; 2,798.00 ; 30.90 ; 43.20 ; 7.40 ; 7.30 ; 60.00 ; 14.60 ; 6.90 ; -   ; 1.90 ; 2.40 ; 0.90 ; 2,975.90 ; 0.89 ; 0.71 ; 11.00 ; 61.20 ; 82.90 ; 14.00 ; 17.00 ; 24.50 ; 10.00 ; 97.00 ; 6,88 ; 0,03 ; 5.80 ; 5.10 ; 7,0 ; 3,1 ; 0.09 ; 1.80 ; -   ; -   ; 0.10 ; 52,9 ; 1.36 ; 276.40 ; 1.80 ; 7.90 ; 0.30 ; 5.80 ; 11.80 ; 21.50 ; 1.20 ; 0.35 
 297.00 ; Tatuapé ; 96.15 ; 11.10 ; 53.80 ; 6.70 ; 31.00 ; 339.00 ; 1.00 ; 1,970.00 ; -   ; 24.70 ; 73.30 ; 13.10 ; 8.30 ; 32.00 ; 15.30 ; 24.20 ; 28.60 ; 7.50 ; 8.50 ; 8.60 ; 2,272.30 ; 0.88 ; 0.82 ; 2.20 ; 75.20 ; -   ; 4.10 ; 17.00 ; 25.60 ; 17.00 ; 69.10 ; 8,88 ; 0,00 ; 5.70 ; 5.60 ; 8,0 ; 7,9 ; 0.10 ; 5.20 ; -   ; 3.10 ; 0.10 ; 58,3 ; 3.33 ; 279.60 ; 4.20 ; 3.70 ; 0.70 ; 3.80 ; 2.10 ; -   ; -   ; 0.51 
 300.00 ; Brás ; 33.29 ; 33.50 ; 50.30 ; 11.20 ; 39.80 ; 1,206.00 ; 0.20 ; 4,075.00 ; 2,472.00 ; 20.60 ; 39.20 ; 23.00 ; 6.10 ; 29.00 ; 15.50 ; 71.40 ; 73.10 ; 14.10 ; 13.00 ; 17.00 ; 2,467.00 ; 0.86 ; 0.84 ; 8.00 ; 61.70 ; 304.20 ; 26.70 ; 18.00 ; 19.90 ; 24.00 ; 6.10 ; não aplicável ; não aplicável ; não aplicável ; não aplicável ; 5,5 ; 0,0 ; -   ; -   ; -   ; -   ; -   ; 25,0 ; 9.31 ; 571.00 ; 27.00 ; 1.80 ; 2.10 ; 8.10 ; 3.00 ; -   ; 3.00 ; 0.58 
 248.00 ; Limão ; 79.67 ; 32.80 ; 53.20 ; 9.60 ; 39.10 ; 137.00 ; 8.30 ; 2,277.00 ; 984.00 ; 2.20 ; 97.80 ; 11.40 ; 7.50 ; 37.00 ; 15.10 ; -   ; 43.90 ; 3.80 ; 4.70 ; 3.20 ; 2,705.60 ; 0.85 ; 0.79 ; 6.30 ; 70.40 ; 143.20 ; 9.10 ; 20.00 ; 26.60 ; 18.00 ; 94.80 ; 10,86 ; 0,00 ; 5.90 ; 4.30 ; 6,6 ; 4,6 ; -   ; 1.30 ; -   ; -   ; 0.30 ; 44,4 ; 2.26 ; 268.00 ; 11.30 ; 2.40 ; 0.40 ; 1.70 ; 3.80 ; 6.10 ; -   ; 0.30 
 266.00 ; Perdizes ; 114.75 ; 9.40 ; 54.10 ; 6.10 ; 27.00 ; 27.00 ; -   ; 304.00 ; -   ; -   ; 100.00 ; 4.10 ; 1.70 ; 32.00 ; 16.10 ; 13.40 ; 53.40 ; 10.10 ; 18.30 ; 4.00 ; 3,406.10 ; 0.83 ; 0.91 ; 0.80 ; 77.90 ; -   ; 5.40 ; 10.00 ; 16.90 ; 4.00 ; 24.00 ; 14,71 ; 0,00 ; não aplicável ; não aplicável ; 2,8 ; 2,8 ; -   ; -   ; -   ; 10.50 ; 0.10 ; 100,0 ; 0.87 ; 134.40 ; 2.60 ; 3.30 ; -   ; 0.60 ; 2.60 ; -   ; 1.20 ; 0.24 
 302.00 ; Água Rasa ; 82.26 ; 13.80 ; 53.60 ; 7.50 ; 32.40 ; 379.00 ; 0.10 ; 912.00 ; -   ; 4.60 ; 93.40 ; 11.90 ; 8.50 ; 35.00 ; 15.30 ; 6.70 ; 36.40 ; 5.60 ; 6.40 ; 4.80 ; 2,622.70 ; 0.83 ; 1.09 ; 3.80 ; 73.40 ; 51.90 ; 5.10 ; 31.00 ; 24.20 ; 13.00 ; 65.30 ; 8,28 ; 0,05 ; 6.00 ; 5.20 ; 4,5 ; 3,4 ; 0.24 ; 1.20 ; -   ; -   ; 0.20 ; 89,9 ; 0.85 ; 225.00 ; 6.10 ; 6.60 ; 0.80 ; 0.80 ; 2.40 ; -   ; 0.40 ; 0.24 
 249.00 ; Casa Verde ; 85.96 ; 29.10 ; 53.40 ; 8.70 ; 36.60 ; 276.00 ; 0.10 ; 1,284.00 ; 280.00 ; 0.60 ; 93.00 ; 12.10 ; 7.00 ; 36.00 ; 16.30 ; -   ; 48.90 ; 5.90 ; 7.10 ; 4.90 ; 3,578.20 ; 0.82 ; 0.95 ; 6.90 ; 71.30 ; 55.40 ; 6.20 ; 23.00 ; 27.60 ; 16.00 ; 90.70 ; 8,17 ; 0,00 ; 6.40 ; 5.50 ; 8,4 ; 6,2 ; -   ; 1.20 ; -   ; 3.50 ; 0.10 ; 60,0 ; 2.79 ; 260.80 ; 5.80 ; 3.10 ; -   ; 1.60 ; 7.00 ; 12.00 ; -   ; 0.30 
 194.00 ; Aricanduva ; 85.75 ; 27.50 ; 52.60 ; 8.00 ; 37.00 ; 293.00 ; 1.10 ; 1,323.00 ; 618.00 ; 42.60 ; 31.50 ; 9.80 ; 8.20 ; 44.00 ; 15.70 ; -   ; 53.30 ; 3.30 ; 4.00 ; 3.00 ; 2,399.30 ; 0.81 ; 0.83 ; 7.70 ; 69.30 ; 45.70 ; 11.30 ; 27.00 ; 27.80 ; 18.00 ; 91.60 ; 7,77 ; 0,04 ; 6.00 ; não aplicável ; 3,1 ; 4,7 ; -   ; -   ; -   ; -   ; 0.50 ; 83,3 ; 2.57 ; 261.50 ; 2.30 ; 3.20 ; -   ; 1.90 ; 8.20 ; 16.80 ; 0.40 ; 0.35 
 193.00 ; Carrão ; 84.90 ; 17.30 ; 53.20 ; 7.00 ; 33.00 ; 75.00 ; 2.50 ; 1,339.00 ; -   ; -   ; 92.80 ; 12.00 ; 7.10 ; 39.00 ; 17.00 ; -   ; 53.00 ; 4.10 ; 4.40 ; 4.00 ; 1,915.70 ; 0.80 ; 0.74 ; 5.00 ; 73.40 ; 193.50 ; 5.60 ; 30.00 ; 23.50 ; 11.00 ; 83.50 ; 6,55 ; 0,36 ; 6.40 ; 5.40 ; 4,6 ; 2,0 ; -   ; 1.20 ; -   ; -   ; 0.50 ; 71,4 ; 2.12 ; 205.50 ; 8.20 ; 6.10 ; 1.20 ; 3.10 ; 3.50 ; -   ; 0.40 ; 0.31 
 289.00 ; Santa Cecília ; 88.61 ; 19.70 ; 53.20 ; 7.40 ; 29.20 ; 5,006.00 ; -   ; 3,315.00 ; 26.00 ; 5.80 ; 45.00 ; 7.50 ; 4.50 ; 30.00 ; 14.20 ; 73.20 ; 95.70 ; 9.60 ; 22.60 ; 7.90 ; 3,532.00 ; 0.76 ; 0.95 ; 5.00 ; 72.70 ; -   ; 5.80 ; 29.00 ; 20.90 ; 12.00 ; 22.70 ; não aplicável ; não aplicável ; não aplicável ; não aplicável ; não aplicável ; não aplicável ; -   ; -   ; -   ; 14.70 ; 0.20 ; 100,0 ; 5.42 ; 187.90 ; 12.40 ; 3.10 ; 0.40 ; 1.50 ; 4.50 ; 14.90 ; 17.30 ; 0.46 
 267.00 ; Lapa ; 67.08 ; 10.70 ; 53.70 ; 6.60 ; 29.20 ; 297.00 ; 0.50 ; 408.00 ; 260.00 ; -   ; 52.00 ; 14.60 ; 8.90 ; 31.00 ; 16.80 ; 30.70 ; 42.40 ; 12.50 ; 8.20 ; 17.30 ; 3,414.70 ; 0.75 ; 0.80 ; 0.90 ; 77.70 ; -   ; 2.90 ; 16.00 ; 20.60 ; 8.00 ; 58.50 ; não aplicável ; não aplicável ; não aplicável ; não aplicável ; não aplicável ; não aplicável ; 0.15 ; 7.50 ; -   ; 22.40 ; 0.40 ; 57,1 ; 2.68 ; 252.50 ; 3.00 ; 4.90 ; 1.00 ; 3.50 ; 1.50 ; -   ; 1.00 ; 0.48 
 285.00 ; São Miguel ; 89.02 ; 44.10 ; 52.20 ; 10.90 ; 43.20 ; 332.00 ; 2.90 ; 1,868.00 ; 246.00 ; 37.10 ; 38.20 ; 11.00 ; 2.20 ; 50.00 ; 18.60 ; 9.20 ; 50.80 ; 1.90 ; 2.00 ; 1.60 ; 2,013.70 ; 0.74 ; 0.78 ; 8.30 ; 66.20 ; 168.40 ; 10.50 ; 22.00 ; 26.90 ; 16.00 ; 93.40 ; 5,85 ; 0,02 ; 5.80 ; 5.40 ; 5,2 ; 2,9 ; 0.34 ; 4.50 ; -   ; -   ; 0.30 ; 50,0 ; 2.13 ; 340.50 ; 10.10 ; 4.10 ; -   ; 3.40 ; 7.90 ; 24.60 ; 1.10 ; 0.39 
 207.00 ; São Domingos ; 86.50 ; 32.00 ; 52.40 ; 8.20 ; 38.10 ; 32.00 ; 12.10 ; 126.00 ; -   ; -   ; 93.70 ; 8.10 ; 11.60 ; 45.00 ; 19.10 ; -   ; 32.70 ; 4.30 ; 3.70 ; 11.00 ; 7,498.60 ; 0.73 ; 0.78 ; 7.00 ; 69.30 ; 99.50 ; 7.70 ; 16.00 ; 25.10 ; 8.00 ; 98.80 ; 8,97 ; 0,05 ; 5.50 ; 5.80 ; 5,5 ; 6,4 ; 0.12 ; 3.50 ; 0.12 ; -   ; 0.10 ; 76,9 ; 1.27 ; 231.60 ; 2.30 ; 1.80 ; 2.30 ; 3.10 ; 5.80 ; 16.50 ; 0.80 ; 0.16 
 223.00 ; Parque do Carmo ; 72.04 ; 40.70 ; 51.40 ; 9.60 ; 43.10 ; 79.00 ; 16.40 ; 4,188.00 ; 120.00 ; 49.50 ; 5.10 ; 13.00 ; 9.80 ; 49.00 ; 18.30 ; -   ; 29.20 ; 2.20 ; 1.00 ; 5.00 ; 3,386.90 ; 0.72 ; 0.95 ; 8.30 ; 63.80 ; 48.90 ; 11.10 ; 19.00 ; 28.90 ; 28.00 ; 98.10 ; 5,92 ; 0,24 ; não aplicável ; não aplicável ; 5,3 ; 3,1 ; 0.14 ; 1.40 ; -   ; -   ; 0.10 ; 50,0 ; 1.94 ; 269.60 ; 1.40 ; 3.20 ; 0.50 ; 2.30 ; 11.10 ; 17.80 ; 1.40 ; 0.16 
 261.00 ; Santo Amaro ; 74.41 ; 10.30 ; 53.30 ; 6.40 ; 30.20 ; 553.00 ; 0.20 ; 905.00 ; 160.00 ; 2.20 ; 96.20 ; 24.30 ; 17.50 ; 29.00 ; 13.70 ; 55.30 ; 56.80 ; 27.60 ; 12.80 ; 23.20 ; 4,841.40 ; 0.72 ; 0.74 ; 1.50 ; 78.20 ; -   ; 2.70 ; 26.00 ; 17.50 ; 12.00 ; 45.00 ; 11,32 ; 0,20 ; 5.20 ; 5.90 ; 6,2 ; 2,1 ; 0.54 ; 10.80 ; -   ; 5.40 ; 0.30 ; 100,0 ; 3.23 ; 329.40 ; 9.40 ; 1.50 ; 0.50 ; 1.80 ; 1.30 ; -   ; 0.40 ; 0.63 
 299.00 ; Moóca ; 80.48 ; 12.30 ; 52.90 ; 7.40 ; 31.90 ; 1,511.00 ; 0.20 ; 2,216.00 ; 621.00 ; -   ; 71.80 ; 15.60 ; 5.00 ; 32.00 ; 17.50 ; 18.10 ; 25.40 ; 7.30 ; 7.40 ; 7.00 ; 2,712.00 ; 0.71 ; 0.95 ; 4.50 ; 74.90 ; 62.70 ; 6.70 ; 9.00 ; 26.00 ; 12.00 ; 72.30 ; 14,39 ; 0,42 ; 6.10 ; 5.40 ; 6,9 ; 1,7 ; -   ; 2.50 ; -   ; -   ; 0.20 ; 100,0 ; 2.36 ; 232.10 ; 5.00 ; 7.20 ; 0.40 ; 1.20 ; 6.20 ; -   ; 1.20 ; 0.29 
 213.00 ; Itaim Bibi ; 97.25 ; 8.30 ; 54.00 ; 6.70 ; 26.50 ; 57.00 ; 0.80 ; 969.00 ; 320.00 ; -   ; 100.00 ; 13.60 ; 8.20 ; 29.00 ; 14.40 ; 23.00 ; 41.80 ; 50.90 ; 49.40 ; 37.40 ; 6,952.90 ; 0.70 ; 0.82 ; 0.60 ; 79.50 ; -   ; 1.70 ; 15.00 ; 18.60 ; 9.00 ; 44.50 ; 6,30 ; 0,00 ; 5.80 ; 5.40 ; 6,3 ; 2,2 ; 0.10 ; 3.10 ; -   ; 3.10 ; 0.40 ; 100,0 ; 4.11 ; 213.60 ; 3.10 ; 6.90 ; -   ; 0.30 ; 2.10 ; 16.50 ; -   ; 0.48 
 301.00 ; Belém ; 49.43 ; 24.70 ; 51.70 ; 10.90 ; 37.60 ; 758.00 ; 3.80 ; 1,584.00 ; 182.00 ; 47.30 ; 32.30 ; 17.30 ; 4.10 ; 28.00 ; 16.10 ; 34.70 ; 44.00 ; 6.50 ; 5.30 ; 12.40 ; 4,512.90 ; 0.70 ; 0.79 ; 6.60 ; 68.00 ; 166.50 ; 17.70 ; 18.00 ; 23.20 ; 13.00 ; 97.90 ; 9,02 ; 0,00 ; não aplicável ; não aplicável ; 7,7 ; 0,0 ; -   ; -   ; -   ; 6.10 ; 0.40 ; 25,0 ; -   ; 316.60 ; 4.00 ; 5.20 ; -   ; 1.40 ; 6.10 ; 24.20 ; 0.70 ; 0.52 
 295.00 ; Bela Vista ; 73.33 ; 21.60 ; 52.20 ; 7.50 ; 27.20 ; 476.00 ; -   ; 849.00 ; -   ; 20.50 ; 50.90 ; 7.80 ; 1.40 ; 30.00 ; 19.60 ; 54.70 ; 54.00 ; 16.50 ; 44.50 ; 21.90 ; 4,403.30 ; 0.63 ; 0.90 ; 5.80 ; 73.90 ; -   ; 8.30 ; 29.00 ; 20.90 ; 7.00 ; 81.40 ; 6,73 ; 0,00 ; 5.60 ; 4.80 ; 3,6 ; 4,6 ; 0.14 ; 1.40 ; -   ; 19.10 ; -   ; 75,0 ; 3.41 ; 306.00 ; 27.30 ; 2.50 ; -   ; 0.50 ; 4.10 ; 10.20 ; 0.90 ; 0.70 
 291.00 ; Liberdade ; 72.92 ; 17.90 ; 53.50 ; 7.40 ; 29.80 ; 429.00 ; 0.30 ; 926.00 ; -   ; -   ; 100.00 ; 8.00 ; 5.50 ; 33.00 ; 16.30 ; 41.60 ; 50.50 ; 8.60 ; 17.30 ; 5.60 ; 4,168.50 ; 0.62 ; 0.80 ; 4.10 ; 73.60 ; -   ; 10.30 ; 35.00 ; 21.00 ; 18.00 ; 89.50 ; 13,01 ; 0,28 ; não aplicável ; não aplicável ; 1,5 ; 8,3 ; 0.14 ; 8.20 ; -   ; 2.70 ; 0.10 ; 66,7 ; 1.65 ; 206.40 ; 20.60 ; 1.80 ; 0.90 ; 0.90 ; 2.70 ; -   ; 1.80 ; 0.25 
 237.00 ; Butantã ; 53.70 ; 16.10 ; 52.80 ; 6.80 ; 29.10 ; 71.00 ; 1.30 ; 226.00 ; -   ; -   ; 100.00 ; 15.80 ; 7.40 ; 30.00 ; 18.20 ; 14.80 ; 58.70 ; 12.90 ; 5.30 ; 12.60 ; 4,201.50 ; 0.61 ; 0.96 ; 4.20 ; 76.80 ; 99.80 ; 6.20 ; 22.00 ; 20.10 ; 7.00 ; 84.00 ; 4,64 ; 0,00 ; 6.40 ; 6.10 ; 9,1 ; 1,3 ; 0.56 ; 11.20 ; 0.19 ; 1.90 ; 0.40 ; 55,6 ; 4.47 ; 266.90 ; 5.60 ; 3.90 ; -   ; 3.10 ; 1.90 ; 11.70 ; -   ; 0.27 
 245.00 ; Perus ; 90.11 ; 48.80 ; 51.10 ; 11.20 ; 47.10 ; 118.00 ; 10.50 ; 1,363.00 ; 600.00 ; 86.90 ; 9.40 ; 6.60 ; 9.00 ; 64.00 ; 18.40 ; 13.20 ; -   ; 2.60 ; 1.00 ; 0.80 ; 1,946.10 ; 0.61 ; 0.77 ; 9.30 ; 64.30 ; 196.00 ; 5.40 ; 17.00 ; 30.20 ; 36.00 ; 99.70 ; 6,27 ; 0,11 ; 5.60 ; 5.20 ; 6,9 ; 3,5 ; -   ; 5.50 ; 0.11 ; -   ; 0.20 ; 54,2 ; 2.11 ; 319.60 ; 4.40 ; 2.90 ; 1.80 ; 1.90 ; 7.80 ; 13.30 ; -   ; 0.05 
 202.00 ; Vila Guilherme ; 57.21 ; 22.00 ; 53.10 ; 8.90 ; 35.90 ; 760.00 ; 2.10 ; 410.00 ; -   ; -   ; 97.30 ; 15.10 ; 7.00 ; 34.00 ; 15.70 ; 0.50 ; 61.40 ; 10.30 ; 8.20 ; 10.50 ; 3,816.90 ; 0.60 ; 0.83 ; 6.00 ; 71.40 ; -   ; 6.00 ; 20.00 ; 26.20 ; 9.00 ; 97.20 ; 9,77 ; 0,06 ; 6.00 ; 5.70 ; 6,6 ; 3,2 ; 0.35 ; 3.50 ; -   ; -   ; 0.30 ; 85,7 ; 6.47 ; 290.30 ; 3.50 ; 5.70 ; 0.60 ; 2.30 ; 15.70 ; 48.20 ; 0.60 ; 0.24 
 292.00 ; Consolação ; 57.30 ; 10.60 ; 54.50 ; 5.70 ; 22.70 ; 286.00 ; -   ; 22.00 ; -   ; -   ; 100.00 ; 9.80 ; 10.50 ; 30.00 ; 15.60 ; 65.20 ; 88.90 ; 20.30 ; 30.40 ; 10.80 ; 4,455.20 ; 0.57 ; 0.88 ; 0.70 ; 78.10 ; 136.60 ; 13.60 ; não aplicável ; 18.60 ; 10.00 ; 40.20 ; não aplicável ; não aplicável ; 6.70 ; não aplicável ; 4,1 ; 3,7 ; -   ; 3.50 ; -   ; 7.00 ; 0.20 ; 75,0 ; 5.76 ; 190.10 ; 17.50 ; 3.90 ; 0.60 ; 1.70 ; 1.70 ; -   ; -   ; 0.36 
 212.00 ; Jardim Paulista ; 90.57 ; 8.50 ; 54.70 ; 6.20 ; 24.30 ; 212.00 ; -   ; -   ; -   ; -   ; -   ; 11.00 ; 2.20 ; 32.00 ; 18.00 ; 49.80 ; 60.10 ; 27.70 ; 40.60 ; 12.50 ; 4,607.50 ; 0.56 ; 0.89 ; 1.30 ; 80.00 ; -   ; 2.80 ; não aplicável ; 19.00 ; 26.00 ; 14.80 ; não aplicável ; não aplicável ; não aplicável ; não aplicável ; não aplicável ; não aplicável ; -   ; -   ; -   ; 4.40 ; -   ; não se aplica ; 4.75 ; 173.90 ; 9.90 ; 5.40 ; -   ; 1.80 ; 3.30 ; 9.10 ; -   ; 0.48 
 211.00 ; Pinheiros ; 65.78 ; 11.10 ; 54.70 ; 6.10 ; 25.50 ; 273.00 ; 0.10 ; 1,146.00 ; -   ; -   ; 100.00 ; 14.70 ; 4.60 ; 25.00 ; 16.00 ; 57.70 ; 76.10 ; 30.40 ; 24.00 ; 20.30 ; 5,280.80 ; 0.53 ; 0.89 ; 0.60 ; 78.80 ; -   ; 1.90 ; 14.00 ; 18.00 ; 8.00 ; 51.10 ; 10,68 ; 0,48 ; não aplicável ; não aplicável ; 11,8 ; 0,0 ; -   ; 1.50 ; -   ; 15.20 ; -   ; 20,0 ; 8.51 ; 210.90 ; 15.20 ; 5.20 ; 0.50 ; 1.50 ; 1.50 ; -   ; -   ; 0.50 
 263.00 ; Campo Belo ; 63.46 ; 12.20 ; 53.90 ; 7.00 ; 29.90 ; 303.00 ; 9.10 ; 242.00 ; 140.00 ; 100.00 ; -   ; 16.00 ; 14.10 ; 29.00 ; 18.40 ; 19.10 ; 2.10 ; 19.70 ; 14.30 ; 8.30 ; 3,164.10 ; 0.49 ; 0.83 ; 3.80 ; 77.90 ; -   ; -   ; 24.00 ; 20.70 ; 24.00 ; 73.00 ; 9,12 ; 0,00 ; 5.40 ; não aplicável ; 5,9 ; 1,7 ; -   ; -   ; -   ; -   ; 0.50 ; 80,0 ; 3.47 ; 233.20 ; 7.90 ; 3.20 ; 0.50 ; 1.00 ; 1.60 ; 10.30 ; -   ; 0.38 
 288.00 ; Sé ; 26.88 ; 38.30 ; 50.80 ; 11.30 ; 39.20 ; 2,149.00 ; -   ; 789.00 ; 338.00 ; -   ; 100.00 ; 38.20 ; 22.50 ; 27.00 ; 14.40 ; 86.40 ; 55.50 ; 36.10 ; 44.20 ; 43.70 ; 4,197.00 ; 0.49 ; 0.72 ; 6.20 ; 61.80 ; 143.50 ; 11.00 ; 23.00 ; 23.60 ; 15.00 ; 81.00 ; 14,25 ; 0,14 ; 5.10 ; não aplicável ; 9,0 ; 4,5 ; -   ; 11.20 ; -   ; 11.20 ; -   ; 50,0 ; 6.33 ; 613.50 ; 33.50 ; 8.90 ; 4.80 ; 7.50 ; 11.20 ; -   ; 18.80 ; 1.51 
 246.00 ; Anhanguera ; 86.02 ; 50.30 ; 50.80 ; 9.70 ; 46.50 ; não aplicável ; 3.80 ; 889.00 ; -   ; 90.90 ; 9.10 ; 5.90 ; 11.80 ; 58.00 ; 19.40 ; -   ; -   ; 1.30 ; 0.30 ; 0.40 ; 2,453.50 ; 0.47 ; 0.70 ; 8.40 ; 61.50 ; 49.20 ; 6.40 ; 14.00 ; 28.60 ; 9.00 ; 100.00 ; 5,92 ; 0,00 ; 5.90 ; 5.10 ; 7,3 ; 5,2 ; -   ; 5.80 ; -   ; -   ; 0.30 ; 53,8 ; 0.70 ; 159.30 ; 4.70 ; 4.00 ; 1.40 ; 1.60 ; 7.00 ; 13.30 ; -   ; 0.05 
 298.00 ; Pari ; 19.20 ; 34.70 ; 52.30 ; 10.80 ; 40.70 ; 1,618.00 ; 2.00 ; 294.00 ; 282.00 ; -   ; 100.00 ; 28.80 ; 26.20 ; 27.00 ; 16.70 ; 2.40 ; 100.00 ; 18.20 ; 12.80 ; 10.90 ; 2,043.30 ; 0.47 ; 0.95 ; 11.90 ; 67.10 ; -   ; 13.90 ; 14.00 ; 21.20 ; 8.00 ; 53.40 ; 8,67 ; 0,19 ; não aplicável ; não aplicável ; 7,6 ; 11,2 ; -   ; 5.20 ; -   ; -   ; 1.60 ; 100,0 ; 5.73 ; 507.60 ; 15.60 ; 1.20 ; -   ; 7.00 ; 10.40 ; 26.20 ; 3.50 ; 0.18 
 293.00 ; Cambuci ; 40.84 ; 21.00 ; 53.40 ; 8.30 ; 35.10 ; 598.00 ; -   ; 1,273.00 ; 15.00 ; -   ; 67.50 ; 13.50 ; 2.50 ; 33.00 ; 19.00 ; 5.50 ; 80.60 ; 6.90 ; 7.10 ; 11.40 ; 3,674.10 ; 0.46 ; 0.86 ; 5.40 ; 72.80 ; -   ; 8.10 ; não aplicável ; 18.70 ; 8.00 ; 77.90 ; não aplicável ; não aplicável ; não aplicável ; não aplicável ; não aplicável ; não aplicável ; -   ; -   ; -   ; -   ; 0.50 ; 60,0 ; 4.41 ; 318.90 ; 7.30 ; 1.70 ; 1.60 ; 3.30 ; 4.90 ; 27.70 ; 2.50 ; 0.27 
 268.00 ; Jaguaré ; 55.56 ; 34.40 ; 52.00 ; 8.70 ; 39.20 ; 81.00 ; 8.20 ; 1,731.00 ; 1,722.00 ; -   ; 100.00 ; 10.10 ; 3.60 ; 42.00 ; 16.30 ; 20.00 ; 75.20 ; 5.80 ; 4.90 ; 16.70 ; 3,963.30 ; 0.43 ; 0.97 ; 10.40 ; 70.60 ; 63.90 ; 10.10 ; 19.00 ; 19.00 ; 7.00 ; 98.00 ; 10,87 ; 0,00 ; 5.00 ; não aplicável ; 8,3 ; 3,9 ; -   ; 1.80 ; -   ; -   ; 0.70 ; 40,0 ; 2.52 ; 222.80 ; 5.40 ; 1.50 ; -   ; 4.80 ; 1.80 ; 8.60 ; -   ; 0.12 
 282.00 ; Moema ; 89.52 ; 5.80 ; 54.20 ; 5.90 ; 26.40 ; 357.00 ; -   ; -   ; -   ; -   ; -   ; 9.10 ; 3.40 ; 31.00 ; 18.00 ; 40.30 ; 87.20 ; 21.20 ; 20.90 ; 8.80 ; 3,643.80 ; 0.43 ; 0.91 ; 0.40 ; 79.80 ; 63.90 ; 1.40 ; 23.00 ; 16.90 ; 12.00 ; 57.70 ; 7,14 ; 0,00 ; 6.10 ; 5.40 ; 7,1 ; 0,0 ; 0.11 ; 4.50 ; -   ; -   ; 0.30 ; 66,7 ; 3.02 ; 187.00 ; 7.80 ; 5.10 ; -   ; 1.50 ; 2.20 ; 16.40 ; -   ; 0.45 
 294.00 ; Bom Retiro ; 39.20 ; 31.40 ; 51.40 ; 10.20 ; 39.60 ; 1,251.00 ; 2.90 ; 1,823.00 ; 645.00 ; 22.80 ; 2.20 ; 24.20 ; 10.30 ; 27.00 ; 13.40 ; 58.70 ; 86.40 ; 13.30 ; 12.40 ; 19.10 ; 2,693.30 ; 0.40 ; 0.82 ; 8.40 ; 67.40 ; -   ; 6.30 ; 28.00 ; 24.50 ; 6.00 ; 95.60 ; não aplicável ; não aplicável ; não aplicável ; não aplicável ; não aplicável ; não aplicável ; 0.26 ; 5.10 ; -   ; 15.30 ; 0.80 ; 50,0 ; 7.40 ; 358.40 ; 28.10 ; 3.80 ; -   ; -   ; 7.70 ; 13.10 ; 15.40 ; 0.23 
 236.00 ; Morumbi ; 53.28 ; 19.50 ; 53.20 ; 9.00 ; 36.80 ; 9.00 ; 14.60 ; 1,923.00 ; 1,829.00 ; -   ; -   ; 17.60 ; 9.40 ; 35.00 ; 17.50 ; 23.30 ; 60.40 ; 22.50 ; 10.40 ; 13.80 ; 4,393.50 ; 0.37 ; 1.08 ; 8.80 ; 71.90 ; -   ; 9.60 ; 3.00 ; 17.70 ; 26.00 ; 80.90 ; 10,20 ; 0,00 ; 5.00 ; 4.60 ; 6,1 ; 3,4 ; -   ; 1.90 ; -   ; -   ; -   ; 100,0 ; 1.88 ; 187.40 ; 7.50 ; 4.50 ; 1.90 ; 0.60 ; 7.50 ; 29.90 ; -   ; 0.21 
 270.00 ; Barra Funda ; 16.34 ; 15.70 ; 54.40 ; 8.40 ; 33.10 ; 201.00 ; 1.10 ; 1,169.00 ; 180.00 ; -   ; 22.80 ; 21.10 ; 24.80 ; 27.00 ; 14.70 ; 31.80 ; 76.30 ; 39.80 ; 11.10 ; 67.10 ; 3,980.20 ; 0.35 ; 0.75 ; 1.60 ; 75.90 ; 134.40 ; 2.70 ; não aplicável ; 17.90 ; 5.00 ; 65.10 ; não aplicável ; não aplicável ; não aplicável ; não aplicável ; não aplicável ; não aplicável ; -   ; -   ; -   ; 18.40 ; 1.20 ; 100,0 ; 25.70 ; 636.20 ; 67.30 ; 3.00 ; 6.00 ; 6.20 ; -   ; -   ; -   ; 0.55 
 276.00 ; Socorro ; 35.87 ; 21.50 ; 53.40 ; 7.50 ; 32.80 ; 17.00 ; 6.20 ; 1,891.00 ; -   ; -   ; 100.00 ; 24.70 ; 13.90 ; 37.00 ; 17.00 ; 17.70 ; 76.10 ; 6.70 ; 2.00 ; 12.00 ; 3,369.40 ; 0.32 ; 1.01 ; 4.10 ; 73.30 ; 152.20 ; 6.80 ; 19.00 ; 23.50 ; 5.00 ; 88.70 ; 10,22 ; 0,00 ; 6.10 ; não aplicável ; 7,3 ; 2,6 ; -   ; 2.80 ; -   ; -   ; 1.10 ; 50,0 ; 3.62 ; 307.80 ; 5.60 ; 4.20 ; -   ; 1.90 ; 16.70 ; 46.10 ; -   ; 0.30 
 265.00 ; Vila Leopoldina ; 45.38 ; 14.40 ; 50.30 ; 7.00 ; 33.20 ; 444.00 ; 4.40 ; 1,195.00 ; 581.00 ; -   ; 100.00 ; 16.00 ; 17.70 ; 33.00 ; 16.10 ; 24.20 ; 60.10 ; 9.00 ; 5.90 ; 14.00 ; 3,839.30 ; 0.31 ; 0.90 ; 3.10 ; 75.80 ; 105.00 ; -   ; 23.00 ; 19.50 ; 18.00 ; 53.60 ; 13,19 ; 0,00 ; não aplicável ; não aplicável ; 2,8 ; 5,9 ; -   ; -   ; -   ; 4.40 ; -   ; 80,0 ; 5.51 ; 176.90 ; 6.60 ; 3.50 ; 0.70 ; 3.00 ; -   ; -   ; -   ; 0.18 
 214.00 ; Alto de Pinheiros ; 40.71 ; 8.10 ; 54.60 ; 5.40 ; 26.90 ; 3.00 ; -   ; -   ; -   ; -   ; -   ; 8.30 ; 4.90 ; 31.00 ; 16.70 ; 22.00 ; 31.30 ; 10.80 ; 5.90 ; 3.80 ; 4,011.90 ; 0.28 ; 0.99 ; 1.10 ; 79.40 ; -   ; 15.20 ; não aplicável ; 16.70 ; 9.00 ; 54.10 ; não aplicável ; não aplicável ; não aplicável ; não aplicável ; não aplicável ; não aplicável ; -   ; 2.50 ; -   ; 2.50 ; -   ; não se aplica ; 0.49 ; 116.50 ; 2.50 ; 3.70 ; -   ; 0.80 ; -   ; -   ; -   ; 0.14 
 269.00 ; Jaguara ; 23.89 ; 25.80 ; 52.40 ; 7.80 ; 34.50 ; 12.00 ; 2.70 ; 20.00 ; -   ; -   ; 100.00 ; 18.80 ; 41.80 ; 44.00 ; 21.40 ; -   ; 28.30 ; 5.90 ; 3.10 ; 12.50 ; 5,868.60 ; 0.27 ; 1.23 ; 4.30 ; 71.70 ; -   ; 6.70 ; 14.00 ; 30.80 ; 7.00 ; 99.30 ; 6,83 ; 0,08 ; 5.90 ; não aplicável ; 5,0 ; 6,9 ; -   ; -   ; -   ; -   ; 1.30 ; 100,0 ; 5.02 ; 276.50 ; 12.60 ; 9.60 ; -   ; 2.80 ; -   ; -   ; -   ; 0.19 
 240.00 ; Marsilac ; 8.46 ; 48.60 ; 49.60 ; 8.70 ; 46.30 ; não aplicável ; 2.70 ; -   ; -   ; -   ; -   ; 7.10 ; -   ; 73.00 ; 22.20 ; -   ; -   ; 4.70 ; -   ; 6.40 ; 2,380.40 ; 0.03 ; 0.68 ; 9.60 ; 61.60 ; -   ; 13.70 ; 4.00 ; 16.40 ; 5.00 ; 100.00 ; não aplicável ; não aplicável ; 5.50 ; 5.20 ; 5,0 ; 12,5 ; -   ; -   ; -   ; -   ; -   ; 100,0 ; -   ; 164.90 ; 11.80 ; 13.80 ; -   ; 7.90 ; 11.80 ; 42.30 ; -   ; -   
